Index,Category ID,Article ID
0,3,0
1,5,0
2,6,1
3,9,1
4,10,2
5,6,3
6,9,3
7,3,4
8,5,4
9,12,5
10,13,6
11,13,7
12,13,8
13,13,9
14,13,10
15,14,11
16,13,12
17,17,13
18,17,14
19,13,15
20,13,16
21,13,17
22,19,18
23,13,19
24,20,20
25,21,21
26,22,22
27,23,23
28,13,24
29,17,25
30,13,26
31,13,27
32,25,28
33,25,29
34,23,30
35,23,31
36,22,32
37,20,33
38,21,34
39,23,35
40,23,36
41,23,37
42,13,38
43,13,39
44,13,40
45,17,41
46,13,42
47,25,43
48,25,44
49,25,45
50,17,46
51,17,47
52,17,48
53,17,49
54,13,50
55,17,51
56,17,52
57,17,53
58,17,54
59,17,55
60,13,56
61,25,57
62,13,58
63,13,59
64,13,60
65,17,61
66,13,62
67,26,63
68,28,64
69,30,65
70,28,66
71,14,67
72,25,68
73,32,69
74,33,70
75,34,71
76,36,72
77,36,73
78,36,74
79,37,75
80,8,76
81,38,77
82,8,78
83,39,79
84,18,80
85,40,80
86,41,81
87,42,82
88,5,83
89,42,84
90,43,85
91,45,85
92,46,86
93,43,87
94,45,87
95,47,88
96,48,89
97,34,90
98,48,91
99,49,92
100,50,93
101,52,94
102,6,94
103,14,95
104,53,96
105,54,97
106,55,98
107,34,99
108,56,100
109,6,101
110,57,101
111,50,102
112,34,103
113,58,104
114,50,105
115,60,106
116,60,107
117,42,108
118,28,109
119,62,110
120,63,110
121,33,111
122,32,111
123,64,112
124,65,113
125,46,114
126,43,115
127,66,116
128,66,117
129,5,117
130,50,118
131,67,119
132,60,120
133,68,121
134,69,122
135,5,123
136,58,124
137,18,124
138,28,125
139,38,126
140,52,127
141,6,127
142,50,128
143,70,129
144,71,130
145,38,131
146,38,132
147,71,133
148,50,134
149,71,135
150,71,136
151,71,137
152,71,138
153,72,139
154,38,140
155,73,141
156,73,142
157,13,143
158,74,144
159,5,145
160,75,146
161,76,147
162,75,148
163,77,149
164,78,150
165,78,151
166,78,152
167,78,153
168,78,154
169,79,155
170,5,156
171,42,157
172,5,157
173,80,158
174,42,159
175,8,160
176,42,161
177,81,162
178,72,162
179,82,163
180,83,164
181,6,165
182,9,165
183,71,166
184,84,167
185,85,168
186,82,169
187,86,170
188,87,170
189,28,171
190,83,172
191,53,173
192,88,174
193,42,175
194,5,175
195,88,176
196,53,177
197,89,178
198,5,179
199,85,180
200,5,181
201,89,182
202,80,183
203,90,184
204,3,185
205,89,185
206,91,185
207,40,186
208,92,187
209,6,187
210,14,188
211,50,189
212,17,190
213,25,191
214,40,192
215,36,193
216,93,194
217,94,195
218,76,196
219,95,197
220,49,198
221,73,199
222,96,200
223,82,201
224,51,202
225,77,203
226,39,203
227,38,204
228,97,205
229,98,206
230,65,207
231,37,208
232,64,209
233,60,210
234,28,211
235,39,212
236,99,213
237,100,214
238,100,215
239,100,216
240,71,217
241,101,218
242,5,219
243,86,220
244,74,221
245,86,222
246,67,223
247,102,224
248,37,225
249,64,226
250,103,227
251,101,228
252,60,229
253,101,230
254,82,231
255,8,232
256,25,233
257,51,234
258,73,235
259,75,236
260,75,237
261,72,238
262,65,239
263,42,240
264,42,241
265,42,242
266,13,243
267,100,244
268,6,245
269,9,245
270,26,246
271,85,247
272,69,248
273,53,249
274,54,250
275,54,251
276,104,252
277,51,253
278,17,254
279,10,255
280,28,256
281,73,257
282,39,258
283,50,259
284,105,260
285,45,261
286,45,262
287,45,263
288,3,264
289,70,264
290,92,265
291,6,265
292,106,266
293,6,266
294,65,267
295,107,268
296,107,269
297,108,270
298,109,270
299,82,271
300,99,272
301,36,273
302,53,274
303,43,275
304,91,275
305,68,276
306,13,277
307,21,278
308,110,278
309,73,279
310,50,280
311,111,281
312,73,282
313,111,283
314,82,284
315,38,285
316,38,286
317,10,287
318,103,288
319,106,289
320,6,289
321,64,290
322,73,291
323,90,292
324,30,293
325,10,294
326,30,295
327,8,296
328,42,297
329,82,298
330,38,299
331,73,300
332,95,301
333,112,302
334,112,303
335,87,304
336,77,305
337,40,306
338,77,307
339,18,308
340,65,308
341,113,309
342,72,310
343,74,311
344,77,312
345,114,313
346,63,314
347,46,315
348,17,316
349,115,317
350,71,318
351,68,319
352,83,320
353,105,321
354,116,322
355,105,323
356,63,324
357,63,325
358,30,326
359,63,327
360,71,328
361,39,329
362,39,330
363,106,331
364,6,331
365,64,332
366,67,333
367,69,334
368,17,335
369,117,336
370,40,337
371,38,338
372,5,339
373,6,340
374,9,340
375,69,341
376,80,342
377,65,343
378,13,344
379,93,345
380,64,346
381,56,347
382,65,348
383,89,349
384,118,350
385,53,350
386,53,351
387,118,352
388,89,352
389,56,353
390,106,354
391,6,354
392,77,355
393,28,356
394,51,357
395,73,358
396,77,359
397,28,360
398,42,361
399,64,362
400,17,363
401,28,364
402,119,365
403,17,366
404,17,367
405,100,368
406,100,369
407,120,370
408,121,370
409,75,371
410,95,372
411,8,373
412,102,374
413,99,375
414,25,376
415,63,377
416,73,378
417,118,379
418,122,380
419,88,381
420,37,382
421,110,383
422,5,384
423,28,385
424,5,386
425,89,386
426,67,387
427,46,388
428,53,388
429,70,389
430,10,390
431,68,391
432,5,392
433,6,393
434,67,393
435,74,394
436,73,395
437,19,396
438,71,397
439,67,398
440,102,399
441,6,400
442,9,400
443,28,401
444,102,402
445,39,403
446,72,404
447,98,405
448,123,406
449,123,407
450,25,408
451,28,409
452,124,410
453,51,411
454,23,412
455,125,413
456,77,414
457,39,414
458,48,415
459,78,416
460,110,416
461,98,417
462,69,418
463,38,419
464,5,420
465,6,421
466,9,421
467,103,422
468,42,423
469,33,424
470,79,425
471,81,426
472,125,426
473,125,427
474,33,428
475,105,429
476,28,430
477,26,431
478,38,432
479,42,433
480,5,433
481,28,434
482,42,435
483,126,436
484,127,437
485,128,438
486,38,439
487,102,440
488,126,441
489,41,442
490,45,443
491,106,444
492,6,444
493,6,445
494,57,445
495,67,446
496,71,447
497,63,448
498,99,449
499,50,450
500,77,451
501,38,452
502,51,453
503,51,454
504,52,455
505,6,455
506,50,456
507,33,457
508,12,458
509,10,459
510,50,460
511,69,461
512,106,462
513,6,462
514,121,463
515,38,464
516,38,465
517,8,466
518,64,467
519,77,468
520,39,468
521,71,469
522,127,470
523,56,471
524,73,472
525,117,473
526,102,474
527,8,475
528,77,476
529,39,476
530,125,477
531,105,478
532,105,479
533,102,480
534,73,481
535,73,482
536,38,483
537,129,484
538,38,485
539,38,486
540,48,487
541,21,488
542,22,489
543,130,490
544,86,491
545,14,492
546,86,493
547,86,494
548,86,495
549,131,496
550,86,497
551,110,498
552,86,499
553,86,500
554,3,501
555,14,502
556,42,503
557,110,504
558,42,505
559,110,506
560,110,507
561,110,508
562,110,509
563,86,510
564,110,511
565,110,512
566,42,513
567,86,514
568,14,515
569,110,516
570,110,517
571,86,518
572,110,519
573,14,520
574,14,521
575,25,522
576,63,523
577,22,524
578,77,525
579,39,525
580,38,526
581,94,527
582,38,528
583,73,529
584,3,530
585,120,530
586,73,531
587,25,532
588,77,533
589,119,533
590,25,534
591,55,535
592,77,536
593,39,536
594,73,537
595,66,538
596,42,539
597,51,540
598,41,541
599,6,542
600,9,542
601,48,543
602,6,544
603,9,544
604,106,545
605,6,545
606,105,546
607,109,547
608,43,548
609,53,548
610,48,549
611,74,550
612,92,551
613,6,551
614,69,552
615,110,552
616,30,553
617,96,553
618,118,554
619,69,554
620,84,555
621,5,555
622,54,556
623,105,557
624,42,558
625,120,558
626,60,559
627,74,560
628,28,561
629,64,562
630,8,563
631,21,564
632,106,565
633,6,565
634,26,566
635,117,567
636,64,568
637,78,569
638,104,570
639,52,571
640,6,571
641,49,572
642,123,573
643,109,574
644,17,575
645,69,576
646,132,577
647,30,578
648,17,579
649,98,580
650,65,581
651,98,582
652,62,582
653,62,583
654,65,583
655,62,584
656,65,585
657,116,585
658,65,586
659,109,587
660,124,588
661,65,589
662,71,590
663,71,591
664,71,592
665,48,593
666,28,594
667,64,595
668,38,596
669,50,597
670,26,598
671,8,599
672,38,600
673,38,601
674,71,602
675,13,603
676,38,604
677,71,605
678,63,606
679,103,607
680,38,608
681,17,609
682,38,610
683,77,611
684,73,612
685,71,613
686,71,614
687,126,615
688,48,616
689,73,617
690,109,618
691,83,619
692,110,620
693,126,621
694,28,622
695,71,623
696,125,624
697,71,625
698,38,626
699,38,627
700,73,628
701,37,629
702,133,630
703,98,630
704,73,631
705,126,632
706,78,633
707,30,634
708,30,635
709,38,636
710,28,637
711,131,638
712,19,638
713,78,639
714,22,640
715,100,641
716,94,642
717,38,643
718,64,644
719,106,645
720,6,645
721,8,646
722,8,647
723,38,648
724,38,649
725,38,650
726,71,651
727,70,652
728,49,653
729,114,654
730,40,655
731,39,656
732,26,657
733,64,658
734,6,659
735,9,659
736,99,660
737,93,661
738,38,662
739,25,663
740,39,664
741,92,665
742,6,665
743,38,666
744,3,667
745,5,667
746,99,668
747,25,669
748,111,670
749,127,671
750,128,672
751,118,673
752,5,673
753,69,673
754,74,674
755,93,675
756,82,676
757,95,677
758,65,678
759,77,679
760,104,680
761,100,681
762,129,682
763,8,683
764,106,684
765,6,684
766,77,685
767,5,686
768,66,687
769,26,688
770,98,689
771,48,690
772,67,691
773,48,692
774,43,693
775,33,693
776,2,694
777,74,695
778,72,696
779,52,697
780,6,697
781,48,698
782,2,699
783,48,699
784,106,700
785,6,700
786,72,701
787,104,702
788,81,703
789,64,704
790,42,705
791,53,706
792,73,707
793,104,708
794,30,709
795,52,710
796,6,710
797,56,711
798,8,712
799,134,713
800,99,714
801,116,715
802,8,716
803,105,717
804,85,718
805,8,719
806,68,720
807,45,721
808,56,722
809,100,723
810,125,724
811,6,725
812,9,725
813,73,726
814,92,727
815,6,727
816,92,728
817,6,728
818,38,729
819,38,730
820,58,731
821,77,732
822,98,733
823,13,734
824,79,735
825,53,736
826,92,737
827,6,737
828,53,738
829,25,739
830,32,740
831,60,741
832,39,742
833,64,743
834,134,744
835,64,745
836,60,746
837,85,747
838,50,748
839,41,748
840,101,749
841,64,750
842,60,751
843,40,752
844,99,753
845,99,754
846,25,755
847,64,756
848,56,757
849,17,758
850,54,759
851,130,760
852,82,761
853,52,762
854,6,762
855,22,763
856,22,764
857,48,765
858,38,766
859,92,767
860,6,767
861,6,768
862,99,768
863,71,769
864,135,770
865,74,771
866,72,772
867,25,773
868,72,774
869,102,775
870,98,776
871,10,777
872,67,778
873,28,779
874,73,780
875,77,781
876,48,782
877,105,783
878,3,784
879,91,784
880,133,785
881,112,786
882,100,787
883,38,788
884,38,789
885,50,790
886,92,791
887,6,791
888,72,792
889,72,793
890,95,794
891,130,795
892,100,796
893,3,797
894,5,797
895,10,798
896,64,799
897,60,800
898,22,801
899,127,802
900,126,803
901,48,804
902,63,805
903,83,806
904,5,807
905,121,808
906,26,809
907,84,810
908,99,811
909,65,812
910,67,813
911,120,814
912,121,815
913,77,816
914,39,816
915,109,817
916,34,818
917,63,819
918,112,820
919,71,821
920,105,822
921,3,822
922,38,823
923,17,824
924,30,825
925,28,826
926,28,827
927,105,828
928,131,829
929,5,830
930,45,831
931,77,832
932,22,833
933,106,834
934,6,834
935,77,835
936,39,835
937,77,836
938,39,836
939,30,837
940,65,838
941,129,839
942,93,840
943,102,841
944,122,842
945,92,843
946,6,843
947,32,844
948,82,845
949,77,846
950,39,846
951,65,847
952,17,848
953,64,849
954,92,850
955,6,850
956,113,851
957,21,851
958,71,852
959,48,853
960,5,854
961,132,855
962,121,856
963,53,857
964,53,858
965,43,859
966,91,859
967,43,860
968,91,860
969,5,861
970,5,862
971,104,863
972,36,864
973,118,865
974,5,866
975,125,867
976,77,868
977,38,869
978,93,870
979,88,871
980,65,872
981,88,873
982,51,874
983,98,875
984,21,876
985,126,877
986,54,878
987,39,879
988,48,880
989,48,881
990,48,882
991,48,883
992,99,884
993,93,885
994,25,886
995,77,887
996,28,888
997,14,889
998,87,889
999,107,890
1000,106,891
1001,6,891
1002,48,892
1003,38,893
1004,52,894
1005,6,894
1006,87,895
1007,74,896
1008,51,897
1009,77,898
1010,39,898
1011,64,899
1012,77,900
1013,13,901
1014,28,902
1015,73,903
1016,26,904
1017,104,905
1018,3,906
1019,45,906
1020,45,907
1021,30,908
1022,52,909
1023,6,909
1024,67,909
1025,47,910
1026,105,911
1027,85,911
1028,17,912
1029,65,913
1030,64,914
1031,45,915
1032,45,916
1033,39,917
1034,55,918
1035,109,919
1036,109,920
1037,72,921
1038,77,922
1039,39,922
1040,63,923
1041,48,924
1042,136,925
1043,107,926
1044,72,927
1045,137,928
1046,108,929
1047,129,930
1048,37,931
1049,121,932
1050,10,933
1051,5,934
1052,22,935
1053,5,936
1054,42,937
1055,5,937
1056,99,938
1057,105,939
1058,98,939
1059,63,940
1060,124,941
1061,98,942
1062,109,943
1063,18,944
1064,124,945
1065,62,946
1066,101,946
1067,71,947
1068,64,948
1069,73,949
1070,73,950
1071,71,951
1072,77,952
1073,77,953
1074,39,953
1075,73,954
1076,77,955
1077,6,956
1078,67,956
1079,73,957
1080,42,958
1081,55,959
1082,12,960
1083,21,961
1084,14,962
1085,100,963
1086,21,964
1087,46,965
1088,53,965
1089,8,966
1090,106,967
1091,6,967
1092,51,968
1093,34,969
1094,32,970
1095,28,971
1096,99,972
1097,42,973
1098,105,973
1099,68,974
1100,99,975
1101,21,976
1102,99,977
1103,17,978
1104,17,979
1105,17,980
1106,17,981
1107,17,982
1108,17,983
1109,130,984
1110,49,985
1111,32,986
1112,73,987
1113,71,988
1114,71,989
1115,38,990
1116,39,991
1117,71,992
1118,77,992
1119,71,993
1120,38,994
1121,28,995
1122,39,996
1123,19,997
1124,81,998
1125,72,999
1126,137,1000
1127,92,1001
1128,32,1002
1129,58,1003
1130,82,1004
1131,88,1005
1132,32,1006
1133,108,1007
1134,79,1008
1135,79,1009
1136,50,1010
1137,78,1011
1138,69,1012
1139,113,1013
1140,75,1014
1141,117,1015
1142,50,1016
1143,75,1017
1144,5,1018
1145,3,1019
1146,135,1020
1147,72,1021
1148,56,1022
1149,135,1023
1150,98,1024
1151,63,1025
1152,22,1026
1153,25,1027
1154,107,1028
1155,135,1028
1156,107,1029
1157,6,1030
1158,67,1030
1159,73,1031
1160,58,1032
1161,128,1032
1162,71,1033
1163,8,1034
1164,13,1035
1165,64,1036
1166,60,1037
1167,77,1038
1168,39,1038
1169,86,1039
1170,71,1040
1171,77,1041
1172,28,1042
1173,138,1043
1174,125,1044
1175,58,1045
1176,58,1046
1177,98,1047
1178,101,1048
1179,17,1049
1180,17,1050
1181,106,1051
1182,6,1051
1183,46,1052
1184,100,1053
1185,23,1053
1186,48,1054
1187,39,1055
1188,133,1056
1189,63,1057
1190,25,1058
1191,48,1059
1192,17,1060
1193,98,1061
1194,99,1062
1195,22,1063
1196,139,1064
1197,87,1064
1198,122,1065
1199,87,1065
1200,135,1066
1201,22,1067
1202,42,1068
1203,22,1068
1204,102,1069
1205,135,1070
1206,36,1071
1207,100,1072
1208,103,1073
1209,86,1074
1210,71,1075
1211,14,1076
1212,72,1077
1213,6,1078
1214,9,1078
1215,73,1079
1216,28,1080
1217,48,1081
1218,71,1082
1219,71,1083
1220,2,1084
1221,72,1084
1222,86,1085
1223,87,1085
1224,22,1086
1225,127,1087
1226,134,1088
1227,140,1089
1228,140,1090
1229,106,1091
1230,6,1091
1231,39,1092
1232,56,1093
1233,48,1094
1234,77,1095
1235,65,1095
1236,137,1096
1237,137,1097
1238,18,1098
1239,50,1099
1240,64,1100
1241,12,1101
1242,60,1102
1243,70,1103
1244,39,1104
1245,119,1104
1246,23,1105
1247,20,1105
1248,23,1106
1249,20,1106
1250,42,1107
1251,77,1108
1252,39,1108
1253,6,1109
1254,9,1109
1255,121,1110
1256,69,1111
1257,5,1112
1258,28,1113
1259,6,1114
1260,9,1114
1261,3,1115
1262,8,1116
1263,65,1117
1264,65,1118
1265,32,1119
1266,125,1120
1267,137,1121
1268,50,1122
1269,25,1123
1270,26,1124
1271,99,1125
1272,98,1126
1273,41,1127
1274,98,1128
1275,26,1129
1276,119,1130
1277,39,1131
1278,104,1132
1279,69,1133
1280,96,1134
1281,25,1135
1282,53,1136
1283,8,1137
1284,14,1138
1285,13,1139
1286,67,1140
1287,64,1141
1288,109,1142
1289,48,1143
1290,66,1144
1291,134,1145
1292,80,1146
1293,26,1147
1294,69,1148
1295,69,1149
1296,36,1150
1297,53,1151
1298,69,1152
1299,83,1153
1300,117,1154
1301,42,1155
1302,118,1156
1303,47,1156
1304,19,1157
1305,122,1158
1306,18,1159
1307,103,1160
1308,63,1161
1309,49,1162
1310,99,1163
1311,22,1164
1312,105,1165
1313,50,1166
1314,14,1167
1315,141,1168
1316,82,1169
1317,95,1170
1318,51,1171
1319,122,1172
1320,12,1173
1321,72,1174
1322,72,1175
1323,92,1176
1324,42,1177
1325,5,1177
1326,26,1178
1327,6,1179
1328,9,1179
1329,132,1180
1330,99,1181
1331,48,1182
1332,124,1183
1333,22,1183
1334,73,1184
1335,68,1185
1336,72,1186
1337,99,1187
1338,22,1188
1339,99,1189
1340,28,1190
1341,101,1191
1342,140,1192
1343,140,1193
1344,104,1194
1345,126,1195
1346,96,1196
1347,51,1197
1348,26,1198
1349,10,1199
1350,40,1200
1351,40,1201
1352,17,1202
1353,38,1203
1354,39,1204
1355,82,1205
1356,82,1206
1357,38,1207
1358,82,1208
1359,82,1209
1360,72,1211
1361,25,1212
1362,55,1213
1363,110,1214
1364,92,1215
1365,6,1215
1366,90,1216
1367,125,1217
1368,71,1218
1369,38,1219
1370,41,1220
1371,38,1221
1372,3,1222
1373,98,1223
1374,77,1224
1375,38,1224
1376,71,1225
1377,106,1226
1378,6,1226
1379,106,1227
1380,6,1227
1381,26,1228
1382,130,1229
1383,132,1230
1384,108,1232
1385,48,1233
1386,123,1234
1387,129,1235
1388,53,1236
1389,78,1237
1390,71,1238
1391,48,1239
1392,28,1240
1393,53,1241
1394,56,1242
1395,46,1242
1396,126,1243
1397,56,1244
1398,8,1245
1399,55,1246
1400,123,1247
1401,39,1248
1402,73,1249
1403,124,1250
1404,37,1251
1405,53,1252
1406,75,1253
1407,6,1254
1408,57,1254
1409,8,1255
1410,64,1256
1411,28,1257
1412,48,1258
1413,93,1259
1414,22,1260
1415,71,1261
1416,48,1262
1417,30,1263
1418,48,1264
1419,105,1265
1420,77,1266
1421,74,1267
1422,54,1268
1423,64,1269
1424,108,1270
1425,53,1271
1426,84,1272
1427,72,1273
1428,25,1274
1429,25,1275
1430,25,1276
1431,71,1277
1432,128,1278
1433,69,1279
1434,38,1280
1435,141,1281
1436,124,1282
1437,23,1283
1438,28,1284
1439,87,1285
1440,125,1286
1441,50,1287
1442,74,1288
1443,52,1289
1444,6,1289
1445,106,1290
1446,6,1290
1447,45,1291
1448,13,1292
1449,39,1293
1450,65,1294
1451,66,1295
1452,66,1296
1453,66,1297
1454,66,1298
1455,66,1299
1456,66,1300
1457,66,1301
1458,66,1302
1459,106,1303
1460,6,1303
1461,28,1304
1462,53,1305
1463,60,1306
1464,28,1306
1465,48,1307
1466,83,1308
1467,17,1308
1468,99,1309
1469,69,1310
1470,47,1311
1471,138,1312
1472,99,1313
1473,138,1314
1474,120,1315
1475,3,1316
1476,3,1317
1477,91,1317
1478,3,1318
1479,91,1318
1480,3,1319
1481,91,1319
1482,121,1320
1483,84,1321
1484,131,1322
1485,91,1322
1486,131,1323
1487,91,1323
1488,43,1324
1489,3,1325
1490,3,1326
1491,91,1326
1492,68,1326
1493,3,1327
1494,5,1327
1495,23,1328
1496,124,1329
1497,23,1329
1498,14,1330
1499,77,1331
1500,92,1332
1501,6,1332
1502,115,1333
1503,98,1334
1504,3,1335
1505,5,1335
1506,64,1336
1507,50,1337
1508,100,1338
1509,10,1339
1510,124,1340
1511,106,1341
1512,6,1341
1513,42,1342
1514,5,1342
1515,8,1343
1516,72,1344
1517,133,1345
1518,133,1346
1519,98,1347
1520,133,1348
1521,133,1349
1522,133,1350
1523,133,1351
1524,98,1352
1525,98,1353
1526,98,1354
1527,40,1355
1528,40,1356
1529,40,1357
1530,39,1358
1531,38,1359
1532,71,1360
1533,38,1361
1534,71,1362
1535,5,1363
1536,75,1364
1537,118,1365
1538,69,1365
1539,131,1366
1540,69,1366
1541,91,1367
1542,43,1368
1543,30,1369
1544,116,1370
1545,117,1371
1546,72,1372
1547,104,1373
1548,18,1374
1549,28,1374
1550,71,1375
1551,108,1376
1552,75,1377
1553,58,1378
1554,71,1379
1555,17,1380
1556,114,1381
1557,28,1382
1558,34,1383
1559,98,1384
1560,48,1385
1561,118,1386
1562,63,1387
1563,43,1388
1564,74,1389
1565,2,1390
1566,3,1391
1567,96,1392
1568,134,1393
1569,98,1393
1570,34,1394
1571,62,1395
1572,88,1396
1573,22,1397
1574,89,1398
1575,39,1399
1576,42,1400
1577,96,1400
1578,45,1401
1579,135,1402
1580,92,1403
1581,6,1403
1582,64,1404
1583,30,1405
1584,99,1406
1585,17,1407
1586,92,1408
1587,6,1408
1588,53,1409
1589,118,1410
1590,85,1410
1591,22,1411
1592,110,1412
1593,103,1413
1594,73,1414
1595,74,1415
1596,65,1416
1597,6,1417
1598,9,1417
1599,60,1418
1600,62,1419
1601,75,1419
1602,92,1420
1603,6,1420
1604,38,1421
1605,137,1422
1606,83,1423
1607,40,1424
1608,127,1425
1609,41,1426
1610,71,1427
1611,71,1428
1612,71,1429
1613,71,1430
1614,71,1431
1615,12,1432
1616,8,1433
1617,71,1434
1618,71,1435
1619,71,1436
1620,72,1437
1621,112,1438
1622,72,1439
1623,64,1440
1624,37,1441
1625,72,1442
1626,82,1443
1627,69,1444
1628,104,1445
1629,8,1446
1630,139,1447
1631,62,1448
1632,72,1448
1633,75,1449
1634,112,1450
1635,112,1451
1636,56,1452
1637,71,1453
1638,62,1454
1639,65,1454
1640,17,1455
1641,17,1456
1642,28,1457
1643,124,1458
1644,28,1459
1645,53,1460
1646,78,1461
1647,14,1461
1648,78,1462
1649,14,1462
1650,102,1463
1651,19,1464
1652,25,1465
1653,72,1466
1654,8,1467
1655,71,1468
1656,98,1469
1657,106,1470
1658,6,1470
1659,107,1471
1660,18,1471
1661,23,1472
1662,26,1473
1663,48,1474
1664,72,1475
1665,18,1476
1666,77,1477
1667,28,1477
1668,65,1478
1669,71,1479
1670,19,1480
1671,135,1481
1672,6,1482
1673,67,1482
1674,116,1483
1675,101,1484
1676,10,1485
1677,30,1486
1678,130,1487
1679,102,1488
1680,77,1489
1681,39,1489
1682,47,1490
1683,8,1491
1684,17,1492
1685,64,1493
1686,39,1494
1687,41,1495
1688,77,1496
1689,28,1497
1690,25,1498
1691,98,1499
1692,70,1500
1693,69,1501
1694,71,1502
1695,6,1503
1696,67,1503
1697,109,1504
1698,108,1505
1699,108,1506
1700,66,1507
1701,58,1508
1702,56,1509
1703,6,1510
1704,9,1510
1705,88,1511
1706,14,1512
1707,71,1513
1708,125,1514
1709,49,1515
1710,86,1516
1711,87,1516
1712,86,1517
1713,25,1518
1714,73,1519
1715,77,1520
1716,63,1521
1717,63,1522
1718,63,1523
1719,63,1524
1720,63,1525
1721,63,1526
1722,63,1527
1723,71,1528
1724,8,1529
1725,122,1530
1726,87,1530
1727,74,1531
1728,97,1532
1729,103,1533
1730,124,1534
1731,23,1534
1732,32,1535
1733,118,1536
1734,121,1536
1735,99,1537
1736,25,1538
1737,114,1539
1738,39,1540
1739,26,1541
1740,64,1542
1741,129,1543
1742,77,1544
1743,60,1545
1744,28,1545
1745,37,1546
1746,42,1547
1747,122,1547
1748,77,1548
1749,102,1549
1750,102,1550
1751,34,1551
1752,115,1552
1753,63,1553
1754,39,1553
1755,60,1554
1756,102,1555
1757,109,1556
1758,105,1557
1759,79,1558
1760,98,1559
1761,25,1559
1762,98,1560
1763,123,1560
1764,22,1561
1765,62,1562
1766,34,1562
1767,22,1563
1768,136,1564
1769,38,1565
1770,30,1566
1771,40,1567
1772,6,1568
1773,9,1568
1774,136,1569
1775,121,1570
1776,117,1571
1777,131,1572
1778,121,1572
1779,43,1573
1780,5,1573
1781,105,1574
1782,68,1575
1783,10,1576
1784,64,1577
1785,105,1578
1786,36,1579
1787,8,1580
1788,5,1581
1789,54,1582
1790,54,1583
1791,13,1584
1792,53,1585
1793,30,1586
1794,69,1587
1795,69,1588
1796,5,1589
1797,5,1590
1798,50,1591
1799,106,1592
1800,6,1592
1801,19,1593
1802,6,1594
1803,67,1594
1804,13,1595
1805,111,1596
1806,74,1597
1807,22,1598
1808,117,1599
1809,73,1601
1810,77,1602
1811,73,1603
1812,17,1604
1813,8,1605
1814,79,1606
1815,72,1607
1816,40,1608
1817,127,1609
1818,74,1610
1819,127,1611
1820,53,1612
1821,42,1613
1822,32,1614
1823,76,1615
1824,76,1616
1825,79,1617
1826,116,1617
1827,92,1618
1828,6,1618
1829,50,1619
1830,64,1620
1831,106,1621
1832,6,1621
1833,71,1622
1834,17,1623
1835,22,1624
1836,39,1625
1837,84,1626
1838,85,1626
1839,2,1627
1840,82,1628
1841,64,1629
1842,20,1630
1843,126,1631
1844,40,1632
1845,95,1633
1846,51,1634
1847,73,1635
1848,51,1636
1849,37,1637
1850,119,1638
1851,107,1639
1852,119,1640
1853,34,1641
1854,17,1642
1855,98,1643
1856,98,1644
1857,25,1645
1858,38,1646
1859,133,1647
1860,68,1648
1861,6,1649
1862,57,1649
1863,38,1650
1864,137,1651
1865,119,1652
1866,25,1653
1867,65,1654
1868,65,1655
1869,8,1656
1870,5,1657
1871,8,1658
1872,71,1659
1873,63,1660
1874,50,1661
1875,51,1662
1876,8,1663
1877,99,1664
1878,22,1665
1879,48,1666
1880,22,1667
1881,40,1668
1882,83,1669
1883,121,1670
1884,89,1671
1885,110,1671
1886,53,1672
1887,53,1673
1888,68,1674
1889,54,1675
1890,96,1676
1891,53,1676
1892,118,1677
1893,91,1677
1894,91,1678
1895,118,1679
1896,91,1679
1897,43,1680
1898,91,1680
1899,89,1681
1900,131,1682
1901,91,1682
1902,131,1683
1903,91,1683
1904,54,1684
1905,54,1685
1906,100,1686
1907,6,1687
1908,9,1687
1909,53,1688
1910,54,1689
1911,14,1690
1912,86,1690
1913,87,1690
1914,74,1691
1915,21,1692
1916,64,1693
1917,6,1694
1918,9,1694
1919,136,1695
1920,92,1696
1921,6,1696
1922,45,1697
1923,8,1698
1924,38,1699
1925,39,1700
1926,38,1701
1927,48,1702
1928,82,1703
1929,26,1704
1930,38,1705
1931,30,1706
1932,96,1706
1933,115,1707
1934,105,1707
1935,63,1708
1936,99,1709
1937,124,1710
1938,48,1711
1939,140,1712
1940,98,1713
1941,37,1714
1942,33,1715
1943,119,1716
1944,102,1716
1945,17,1717
1946,17,1718
1947,17,1719
1948,17,1720
1949,72,1721
1950,63,1722
1951,62,1723
1952,124,1724
1953,62,1724
1954,66,1725
1955,46,1726
1956,17,1727
1957,43,1728
1958,85,1729
1959,76,1730
1960,126,1731
1961,51,1732
1962,95,1733
1963,64,1734
1964,60,1735
1965,66,1736
1966,71,1737
1967,71,1738
1968,50,1739
1969,73,1740
1970,99,1741
1971,109,1742
1972,76,1743
1973,71,1744
1974,69,1745
1975,80,1746
1976,38,1747
1977,39,1748
1978,8,1749
1979,83,1750
1980,72,1751
1981,72,1752
1982,99,1753
1983,51,1754
1984,99,1755
1985,105,1756
1986,25,1756
1987,105,1757
1988,25,1757
1989,99,1758
1990,19,1759
1991,125,1760
1992,101,1761
1993,21,1762
1994,77,1763
1995,70,1764
1996,34,1765
1997,38,1766
1998,73,1767
1999,109,1768
2000,71,1769
2001,67,1770
2002,71,1771
2003,2,1772
2004,72,1772
2005,71,1773
2006,17,1774
2007,71,1775
2008,71,1776
2009,63,1777
2010,20,1778
2011,42,1779
2012,42,1780
2013,105,1780
2014,17,1781
2015,99,1782
2016,63,1783
2017,71,1784
2018,71,1785
2019,105,1786
2020,48,1787
2021,17,1788
2022,73,1789
2023,73,1790
2024,38,1791
2025,45,1792
2026,6,1793
2027,9,1793
2028,86,1794
2029,122,1795
2030,71,1796
2031,124,1797
2032,6,1798
2033,99,1798
2034,26,1799
2035,121,1800
2036,37,1801
2037,109,1802
2038,106,1803
2039,6,1803
2040,38,1804
2041,40,1805
2042,54,1806
2043,106,1807
2044,6,1807
2045,6,1808
2046,67,1808
2047,51,1809
2048,106,1810
2049,6,1810
2050,48,1811
2051,85,1812
2052,58,1813
2053,92,1814
2054,6,1814
2055,92,1815
2056,6,1815
2057,55,1816
2058,129,1817
2059,63,1818
2060,71,1819
2061,88,1820
2062,129,1821
2063,30,1822
2064,85,1823
2065,106,1824
2066,6,1824
2067,51,1825
2068,101,1826
2069,96,1827
2070,53,1828
2071,28,1829
2072,17,1830
2073,17,1831
2074,17,1832
2075,17,1833
2076,17,1834
2077,17,1835
2078,28,1836
2079,50,1837
2080,78,1838
2081,33,1839
2082,76,1840
2083,17,1841
2084,13,1842
2085,105,1843
2086,3,1843
2087,28,1844
2088,64,1845
2089,106,1846
2090,6,1846
2091,69,1847
2092,73,1848
2093,119,1849
2094,8,1850
2095,136,1851
2096,42,1852
2097,48,1853
2098,48,1854
2099,5,1855
2100,51,1856
2101,3,1857
2102,115,1858
2103,50,1859
2104,102,1860
2105,93,1861
2106,33,1862
2107,69,1863
2108,69,1864
2109,71,1865
2110,36,1866
2111,54,1867
2112,77,1868
2113,5,1869
2114,64,1870
2115,5,1871
2116,71,1872
2117,71,1873
2118,71,1874
2119,98,1875
2120,102,1875
2121,17,1876
2122,28,1877
2123,111,1878
2124,34,1879
2125,42,1880
2126,74,1881
2127,48,1882
2128,8,1883
2129,42,1884
2130,5,1884
2131,5,1885
2132,127,1886
2133,87,1887
2134,17,1887
2135,64,1888
2136,42,1889
2137,72,1890
2138,71,1891
2139,8,1892
2140,127,1893
2141,10,1894
2142,46,1895
2143,53,1895
2144,117,1896
2145,104,1897
2146,85,1898
2147,5,1899
2148,3,1900
2149,91,1900
2150,3,1901
2151,91,1901
2152,3,1902
2153,91,1902
2154,3,1903
2155,91,1903
2156,53,1904
2157,10,1905
2158,85,1906
2159,47,1907
2160,30,1908
2161,104,1909
2162,91,1910
2163,3,1911
2164,43,1911
2165,91,1911
2166,3,1912
2167,91,1912
2168,3,1913
2169,91,1913
2170,131,1914
2171,30,1914
2172,28,1915
2173,28,1916
2174,42,1917
2175,5,1918
2176,119,1919
2177,54,1920
2178,17,1921
2179,65,1922
2180,26,1923
2181,5,1924
2182,14,1925
2183,14,1926
2184,120,1927
2185,71,1928
2186,82,1929
2187,71,1930
2188,94,1931
2189,39,1932
2190,97,1933
2191,3,1934
2192,68,1934
2193,51,1935
2194,94,1936
2195,74,1937
2196,45,1938
2197,37,1939
2198,121,1940
2199,38,1941
2200,10,1942
2201,69,1943
2202,2,1944
2203,136,1945
2204,3,1946
2205,136,1947
2206,45,1948
2207,13,1949
2208,13,1950
2209,13,1951
2210,13,1952
2211,22,1953
2212,42,1954
2213,13,1955
2214,13,1956
2215,136,1957
2216,136,1958
2217,136,1959
2218,136,1960
2219,21,1961
2220,13,1962
2221,136,1963
2222,13,1964
2223,13,1965
2224,21,1966
2225,13,1967
2226,21,1968
2227,136,1969
2228,21,1970
2229,32,1971
2230,21,1971
2231,72,1972
2232,138,1973
2233,128,1974
2234,14,1975
2235,56,1976
2236,13,1976
2237,21,1977
2238,39,1978
2239,2,1979
2240,34,1979
2241,2,1980
2242,13,1981
2243,136,1982
2244,81,1983
2245,76,1983
2246,13,1984
2247,13,1985
2248,13,1986
2249,14,1987
2250,93,1988
2251,2,1989
2252,13,1989
2253,69,1990
2254,51,1991
2255,105,1992
2256,74,1993
2257,64,1994
2258,13,1995
2259,53,1996
2260,130,1997
2261,38,1998
2262,106,1999
2263,6,1999
2264,77,2000
2265,73,2001
2266,52,2002
2267,6,2002
2268,98,2003
2269,19,2004
2270,89,2005
2271,50,2006
2272,38,2007
2273,78,2008
2274,105,2009
2275,18,2009
2276,71,2010
2277,71,2011
2278,72,2012
2279,66,2013
2280,99,2014
2281,78,2015
2282,98,2015
2283,36,2016
2284,67,2017
2285,114,2018
2286,63,2019
2287,99,2019
2288,17,2020
2289,17,2021
2290,112,2022
2291,63,2023
2292,30,2024
2293,38,2025
2294,28,2026
2295,107,2027
2296,135,2028
2297,75,2029
2298,138,2030
2299,89,2031
2300,18,2032
2301,28,2032
2302,38,2033
2303,90,2034
2304,22,2035
2305,3,2036
2306,6,2037
2307,9,2037
2308,28,2038
2309,28,2039
2310,23,2040
2311,23,2041
2312,20,2042
2313,23,2043
2314,23,2044
2315,23,2045
2316,20,2046
2317,23,2047
2318,23,2048
2319,23,2049
2320,20,2050
2321,23,2051
2322,20,2052
2323,23,2053
2324,23,2054
2325,23,2055
2326,20,2056
2327,99,2057
2328,23,2058
2329,20,2059
2330,23,2060
2331,23,2061
2332,89,2062
2333,103,2063
2334,48,2064
2335,60,2065
2336,64,2066
2337,60,2067
2338,22,2068
2339,38,2069
2340,73,2070
2341,82,2071
2342,105,2072
2343,32,2073
2344,98,2073
2345,98,2074
2346,49,2075
2347,94,2076
2348,42,2077
2349,68,2077
2350,60,2078
2351,34,2078
2352,124,2079
2353,102,2080
2354,63,2081
2355,6,2082
2356,9,2082
2357,22,2083
2358,82,2084
2359,121,2085
2360,87,2086
2361,22,2087
2362,30,2088
2363,82,2089
2364,5,2090
2365,70,2091
2366,117,2092
2367,79,2093
2368,14,2094
2369,56,2095
2370,42,2096
2371,13,2096
2372,66,2097
2373,52,2098
2374,6,2098
2375,138,2099
2376,63,2100
2377,71,2101
2378,25,2102
2379,51,2103
2380,93,2104
2381,72,2105
2382,69,2106
2383,64,2107
2384,42,2108
2385,52,2109
2386,6,2109
2387,74,2110
2388,82,2111
2389,133,2112
2390,51,2113
2391,42,2114
2392,13,2115
2393,58,2116
2394,18,2117
2395,40,2117
2396,58,2118
2397,48,2119
2398,73,2120
2399,28,2121
2400,32,2122
2401,133,2122
2402,33,2123
2403,28,2124
2404,32,2125
2405,135,2126
2406,74,2127
2407,113,2128
2408,72,2128
2409,112,2129
2410,107,2130
2411,135,2131
2412,81,2132
2413,76,2132
2414,116,2133
2415,135,2134
2416,34,2135
2417,14,2136
2418,21,2137
2419,62,2138
2420,127,2139
2421,58,2140
2422,64,2141
2423,14,2142
2424,48,2143
2425,6,2144
2426,57,2144
2427,103,2145
2428,6,2146
2429,57,2146
2430,14,2147
2431,21,2148
2432,6,2149
2433,9,2149
2434,3,2150
2435,64,2151
2436,48,2152
2437,103,2153
2438,96,2154
2439,46,2155
2440,64,2156
2441,22,2156
2442,60,2157
2443,42,2158
2444,30,2159
2445,136,2160
2446,62,2161
2447,63,2161
2448,68,2162
2449,53,2163
2450,89,2164
2451,84,2165
2452,85,2166
2453,51,2167
2454,115,2168
2455,95,2169
2456,45,2170
2457,72,2171
2458,38,2172
2459,48,2173
2460,48,2174
2461,48,2175
2462,34,2176
2463,6,2177
2464,57,2177
2465,63,2178
2466,8,2179
2467,56,2180
2468,86,2181
2469,37,2182
2470,6,2183
2471,9,2183
2472,5,2184
2473,140,2185
2474,71,2186
2475,3,2187
2476,5,2188
2477,131,2189
2478,85,2189
2479,53,2190
2480,10,2191
2481,53,2192
2482,33,2193
2483,53,2194
2484,38,2195
2485,125,2196
2486,71,2197
2487,26,2198
2488,5,2199
2489,43,2200
2490,10,2201
2491,47,2202
2492,51,2203
2493,104,2204
2494,106,2205
2495,6,2205
2496,109,2206
2497,54,2207
2498,69,2208
2499,84,2209
2500,47,2210
2501,121,2211
2502,69,2212
2503,54,2212
2504,43,2213
2505,91,2213
2506,43,2214
2507,91,2214
2508,53,2215
2509,54,2216
2510,53,2217
2511,54,2218
2512,104,2219
2513,80,2220
2514,84,2221
2515,85,2221
2516,8,2222
2517,53,2223
2518,36,2224
2519,104,2225
2520,52,2226
2521,6,2226
2522,97,2227
2523,110,2228
2524,12,2229
2525,67,2230
2526,109,2231
2527,37,2232
2528,117,2233
2529,21,2234
2530,95,2235
2531,117,2236
2532,48,2237
2533,48,2238
2534,41,2239
2535,26,2240
2536,95,2241
2537,68,2241
2538,108,2242
2539,98,2243
2540,103,2244
2541,56,2245
2542,39,2246
2543,54,2247
2544,132,2248
2545,89,2249
2546,3,2250
2547,68,2250
2548,5,2251
2549,30,2252
2550,30,2253
2551,53,2254
2552,85,2255
2553,84,2256
2554,30,2257
2555,50,2258
2556,68,2259
2557,54,2260
2558,25,2261
2559,47,2262
2560,68,2263
2561,10,2264
2562,83,2265
2563,54,2266
2564,21,2267
2565,85,2268
2566,69,2269
2567,69,2270
2568,117,2271
2569,85,2272
2570,69,2273
2571,66,2274
2572,26,2275
2573,46,2276
2574,53,2276
2575,53,2277
2576,89,2278
2577,53,2279
2578,68,2280
2579,54,2281
2580,10,2282
2581,53,2283
2582,69,2284
2583,3,2285
2584,91,2285
2585,83,2286
2586,5,2287
2587,67,2288
2588,3,2289
2589,26,2290
2590,5,2291
2591,6,2292
2592,57,2292
2593,41,2293
2594,25,2294
2595,53,2295
2596,30,2296
2597,69,2297
2598,96,2298
2599,120,2299
2600,47,2300
2601,45,2301
2602,55,2302
2603,5,2303
2604,21,2304
2605,23,2305
2606,126,2306
2607,77,2307
2608,141,2308
2609,122,2309
2610,22,2310
2611,72,2311
2612,21,2312
2613,100,2313
2614,77,2314
2615,39,2314
2616,71,2315
2617,71,2316
2618,38,2317
2619,99,2318
2620,51,2319
2621,14,2320
2622,8,2321
2623,85,2322
2624,69,2323
2625,117,2324
2626,51,2325
2627,14,2326
2628,110,2327
2629,52,2328
2630,6,2328
2631,104,2329
2632,92,2330
2633,6,2330
2634,51,2331
2635,71,2332
2636,8,2333
2637,104,2334
2638,53,2335
2639,50,2336
2640,103,2337
2641,131,2338
2642,36,2339
2643,8,2340
2644,50,2341
2645,97,2342
2646,42,2343
2647,3,2343
2648,109,2344
2649,109,2345
2650,67,2346
2651,103,2347
2652,67,2348
2653,71,2349
2654,56,2350
2655,28,2351
2656,128,2352
2657,45,2352
2658,51,2353
2659,69,2354
2660,75,2355
2661,51,2356
2662,121,2357
2663,71,2358
2664,52,2359
2665,6,2359
2666,51,2360
2667,6,2361
2668,9,2361
2669,98,2362
2670,14,2362
2671,51,2363
2672,130,2364
2673,73,2365
2674,64,2366
2675,136,2367
2676,72,2367
2677,51,2368
2678,96,2369
2679,17,2370
2680,30,2371
2681,28,2372
2682,6,2373
2683,57,2373
2684,41,2374
2685,30,2375
2686,62,2376
2687,52,2377
2688,6,2377
2689,10,2378
2690,21,2379
2691,13,2380
2692,100,2381
2693,23,2382
2694,30,2383
2695,50,2384
2696,21,2385
2697,112,2385
2698,50,2386
2699,63,2387
2700,67,2388
2701,63,2389
2702,48,2390
2703,50,2391
2704,50,2392
2705,50,2393
2706,50,2394
2707,99,2395
2708,63,2396
2709,63,2397
2710,63,2398
2711,50,2399
2712,63,2399
2713,100,2400
2714,51,2401
2715,50,2402
2716,50,2403
2717,51,2404
2718,26,2405
2719,123,2406
2720,66,2407
2721,22,2408
2722,22,2409
2723,74,2410
2724,64,2411
2725,52,2412
2726,6,2412
2727,117,2413
2728,8,2414
2729,99,2415
2730,49,2416
2731,74,2417
2732,100,2418
2733,97,2419
2734,6,2420
2735,9,2420
2736,104,2421
2737,26,2422
2738,39,2423
2739,135,2424
2740,119,2425
2741,64,2426
2742,43,2427
2743,135,2427
2744,94,2428
2745,64,2429
2746,60,2430
2747,72,2431
2748,105,2432
2749,6,2433
2750,57,2433
2751,48,2434
2752,126,2435
2753,48,2436
2754,47,2437
2755,119,2438
2756,77,2439
2757,39,2439
2758,39,2440
2759,39,2441
2760,28,2442
2761,17,2443
2762,53,2444
2763,69,2445
2764,10,2446
2765,85,2446
2766,83,2447
2767,48,2448
2768,92,2449
2769,6,2449
2770,82,2450
2771,77,2451
2772,39,2451
2773,23,2452
2774,21,2452
2775,51,2453
2776,72,2454
2777,72,2455
2778,72,2456
2779,92,2457
2780,6,2457
2781,72,2458
2782,138,2459
2783,119,2459
2784,42,2460
2785,72,2461
2786,50,2462
2787,92,2463
2788,6,2463
2789,6,2464
2790,9,2464
2791,65,2465
2792,34,2466
2793,42,2467
2794,46,2468
2795,98,2469
2796,8,2470
2797,50,2471
2798,100,2472
2799,8,2473
2800,123,2474
2801,123,2475
2802,49,2476
2803,40,2477
2804,97,2478
2805,108,2479
2806,71,2480
2807,90,2481
2808,132,2482
2809,116,2483
2810,38,2484
2811,28,2485
2812,140,2486
2813,8,2487
2814,50,2488
2815,45,2489
2816,51,2490
2817,99,2491
2818,8,2492
2819,21,2492
2820,8,2493
2821,5,2494
2822,99,2495
2823,67,2496
2824,2,2497
2825,100,2498
2826,102,2499
2827,99,2500
2828,107,2501
2829,99,2502
2830,12,2503
2831,63,2504
2832,72,2505
2833,64,2506
2834,88,2506
2835,77,2507
2836,63,2508
2837,131,2509
2838,21,2509
2839,101,2510
2840,91,2511
2841,34,2512
2842,68,2513
2843,63,2514
2844,63,2515
2845,138,2516
2846,77,2517
2847,63,2518
2848,138,2519
2849,114,2520
2850,64,2521
2851,60,2522
2852,6,2523
2853,9,2523
2854,36,2524
2855,48,2525
2856,93,2526
2857,25,2527
2858,48,2528
2859,3,2529
2860,5,2529
2861,72,2530
2862,72,2531
2863,22,2532
2864,48,2533
2865,74,2534
2866,75,2535
2867,58,2536
2868,50,2537
2869,48,2538
2870,105,2539
2871,25,2540
2872,48,2541
2873,98,2542
2874,108,2543
2875,71,2544
2876,71,2545
2877,77,2546
2878,39,2546
2879,78,2547
2880,3,2547
2881,130,2548
2882,68,2549
2883,113,2550
2884,109,2551
2885,99,2552
2886,125,2553
2887,42,2554
2888,26,2555
2889,30,2556
2890,69,2557
2891,30,2558
2892,121,2559
2893,5,2560
2894,99,2561
2895,39,2562
2896,18,2563
2897,10,2564
2898,117,2565
2899,30,2566
2900,110,2567
2901,17,2568
2902,17,2569
2903,28,2570
2904,50,2571
2905,64,2572
2906,6,2573
2907,9,2573
2908,8,2574
2909,28,2575
2910,54,2576
2911,25,2577
2912,8,2578
2913,125,2579
2914,25,2580
2915,25,2581
2916,48,2582
2917,123,2582
2918,48,2583
2919,123,2583
2920,48,2584
2921,123,2584
2922,123,2585
2923,51,2586
2924,46,2587
2925,91,2588
2926,42,2589
2927,8,2589
2928,42,2590
2929,100,2590
2930,32,2591
2931,99,2592
2932,92,2593
2933,6,2593
2934,96,2594
2935,8,2595
2936,10,2596
2937,71,2597
2938,50,2598
2939,41,2598
2940,126,2599
2941,25,2600
2942,22,2601
2943,3,2602
2944,64,2603
2945,133,2604
2946,133,2605
2947,71,2606
2948,42,2607
2949,69,2608
2950,126,2609
2951,69,2610
2952,82,2611
2953,39,2612
2954,13,2613
2955,28,2614
2956,99,2615
2957,92,2616
2958,6,2616
2959,52,2617
2960,6,2617
2961,3,2618
2962,3,2619
2963,68,2620
2964,52,2621
2965,6,2621
2966,92,2622
2967,6,2622
2968,71,2623
2969,6,2624
2970,9,2624
2971,51,2625
2972,82,2626
2973,38,2627
2974,82,2628
2975,99,2629
2976,126,2630
2977,48,2631
2978,93,2632
2979,103,2633
2980,64,2634
2981,77,2635
2982,39,2635
2983,136,2636
2984,40,2637
2985,51,2638
2986,3,2639
2987,5,2640
2988,58,2641
2989,69,2642
2990,63,2643
2991,50,2644
2992,26,2645
2993,68,2646
2994,53,2647
2995,47,2648
2996,26,2649
2997,69,2650
2998,69,2651
2999,48,2652
3000,40,2653
3001,73,2654
3002,90,2655
3003,108,2656
3004,77,2657
3005,39,2657
3006,5,2658
3007,53,2659
3008,105,2660
3009,26,2661
3010,58,2662
3011,79,2663
3012,141,2664
3013,112,2665
3014,112,2666
3015,8,2667
3016,67,2668
3017,21,2669
3018,110,2669
3019,118,2670
3020,68,2671
3021,69,2672
3022,54,2673
3023,26,2674
3024,106,2675
3025,6,2675
3026,30,2676
3027,72,2677
3028,43,2678
3029,91,2678
3030,43,2679
3031,91,2679
3032,43,2680
3033,91,2680
3034,53,2681
3035,118,2682
3036,53,2683
3037,50,2684
3038,25,2685
3039,81,2686
3040,125,2686
3041,82,2687
3042,60,2688
3043,40,2689
3044,40,2690
3045,3,2691
3046,40,2692
3047,53,2693
3048,34,2694
3049,10,2695
3050,22,2696
3051,99,2696
3052,92,2697
3053,6,2697
3054,92,2698
3055,6,2698
3056,42,2699
3057,14,2700
3058,110,2700
3059,84,2701
3060,121,2702
3061,133,2703
3062,42,2704
3063,122,2705
3064,92,2706
3065,50,2707
3066,30,2708
3067,22,2709
3068,28,2710
3069,40,2711
3070,77,2712
3071,45,2713
3072,34,2714
3073,14,2715
3074,28,2716
3075,3,2717
3076,3,2718
3077,70,2718
3078,3,2719
3079,37,2719
3080,63,2720
3081,108,2721
3082,64,2722
3083,51,2723
3084,67,2724
3085,64,2725
3086,48,2726
3087,28,2727
3088,139,2728
3089,39,2729
3090,60,2730
3091,66,2731
3092,72,2731
3093,3,2732
3094,64,2733
3095,141,2734
3096,99,2735
3097,114,2736
3098,42,2737
3099,103,2738
3100,88,2739
3101,140,2740
3102,22,2741
3103,17,2742
3104,17,2743
3105,23,2744
3106,124,2745
3107,17,2746
3108,6,2747
3109,99,2747
3110,99,2748
3111,99,2749
3112,90,2750
3113,26,2751
3114,68,2752
3115,121,2753
3116,10,2754
3117,99,2755
3118,26,2756
3119,82,2757
3120,98,2758
3121,33,2759
3122,116,2759
3123,116,2760
3124,13,2761
3125,63,2762
3126,67,2763
3127,53,2764
3128,69,2765
3129,8,2766
3130,30,2767
3131,28,2768
3132,72,2769
3133,14,2770
3134,14,2771
3135,14,2772
3136,14,2773
3137,55,2774
3138,39,2775
3139,55,2776
3140,17,2777
3141,54,2778
3142,48,2779
3143,75,2780
3144,101,2781
3145,42,2782
3146,123,2783
3147,66,2784
3148,58,2785
3149,82,2786
3150,99,2787
3151,99,2788
3152,42,2789
3153,125,2790
3154,22,2791
3155,112,2792
3156,39,2793
3157,104,2794
3158,99,2795
3159,99,2796
3160,71,2797
3161,139,2798
3162,65,2799
3163,38,2800
3164,94,2801
3165,13,2802
3166,96,2803
3167,50,2804
3168,101,2805
3169,6,2806
3170,9,2806
3171,103,2807
3172,38,2808
3173,64,2809
3174,34,2810
3175,56,2811
3176,6,2812
3177,9,2812
3178,19,2813
3179,72,2814
3180,72,2815
3181,39,2816
3182,12,2817
3183,42,2818
3184,42,2819
3185,51,2820
3186,38,2821
3187,38,2822
3188,82,2823
3189,126,2824
3190,50,2825
3191,6,2826
3192,9,2826
3193,100,2827
3194,99,2828
3195,25,2829
3196,106,2830
3197,6,2830
3198,125,2831
3199,17,2832
3200,112,2833
3201,32,2834
3202,48,2835
3203,71,2836
3204,48,2837
3205,125,2838
3206,39,2839
3207,45,2840
3208,136,2841
3209,92,2842
3210,6,2842
3211,60,2843
3212,28,2843
3213,119,2844
3214,56,2845
3215,48,2846
3216,45,2847
3217,39,2848
3218,68,2849
3219,34,2850
3220,99,2851
3221,63,2852
3222,51,2852
3223,50,2853
3224,50,2854
3225,67,2855
3226,51,2856
3227,99,2857
3228,99,2858
3229,99,2859
3230,51,2860
3231,8,2861
3232,38,2862
3233,92,2863
3234,6,2863
3235,116,2864
3236,17,2865
3237,68,2866
3238,26,2867
3239,69,2868
3240,53,2869
3241,84,2870
3242,137,2871
3243,28,2872
3244,65,2873
3245,51,2874
3246,115,2875
3247,8,2876
3248,67,2877
3249,41,2878
3250,37,2879
3251,37,2880
3252,37,2881
3253,37,2882
3254,37,2883
3255,37,2884
3256,37,2885
3257,37,2886
3258,37,2887
3259,37,2888
3260,37,2889
3261,37,2890
3262,37,2891
3263,37,2892
3264,37,2893
3265,37,2894
3266,37,2895
3267,37,2896
3268,129,2897
3269,39,2898
3270,77,2899
3271,82,2900
3272,52,2901
3273,6,2901
3274,65,2902
3275,28,2903
3276,28,2904
3277,75,2905
3278,70,2906
3279,73,2907
3280,72,2908
3281,26,2909
3282,21,2910
3283,74,2911
3284,50,2912
3285,38,2913
3286,95,2914
3287,92,2915
3288,6,2915
3289,28,2916
3290,5,2917
3291,86,2918
3292,76,2919
3293,40,2920
3294,99,2921
3295,104,2922
3296,51,2923
3297,94,2924
3298,105,2925
3299,56,2925
3300,19,2926
3301,48,2927
3302,137,2928
3303,72,2928
3304,137,2929
3305,22,2930
3306,58,2931
3307,60,2931
3308,139,2932
3309,65,2933
3310,67,2934
3311,110,2935
3312,99,2936
3313,110,2937
3314,110,2938
3315,18,2939
3316,51,2940
3317,125,2941
3318,47,2942
3319,30,2943
3320,69,2944
3321,127,2945
3322,56,2946
3323,64,2947
3324,64,2948
3325,52,2949
3326,6,2949
3327,39,2950
3328,28,2951
3329,141,2952
3330,64,2953
3331,102,2954
3332,6,2955
3333,9,2955
3334,106,2956
3335,6,2956
3336,34,2957
3337,67,2958
3338,51,2959
3339,93,2960
3340,48,2961
3341,99,2962
3342,25,2963
3343,6,2964
3344,67,2964
3345,17,2965
3346,99,2966
3347,48,2967
3348,48,2968
3349,130,2969
3350,81,2970
3351,125,2971
3352,99,2972
3353,106,2973
3354,6,2973
3355,117,2974
3356,30,2975
3357,10,2976
3358,64,2977
3359,38,2978
3360,84,2979
3361,84,2980
3362,39,2981
3363,92,2982
3364,6,2982
3365,50,2983
3366,92,2984
3367,6,2984
3368,71,2985
3369,84,2986
3370,85,2986
3371,30,2987
3372,50,2988
3373,94,2989
3374,36,2990
3375,33,2991
3376,108,2991
3377,108,2992
3378,108,2993
3379,64,2994
3380,30,2995
3381,88,2996
3382,22,2996
3383,64,2997
3384,65,2998
3385,88,2998
3386,65,2999
3387,88,2999
3388,67,3000
3389,97,3001
3390,113,3002
3391,64,3003
3392,74,3004
3393,48,3005
3394,67,3006
3395,121,3007
3396,3,3008
3397,122,3009
3398,50,3010
3399,99,3011
3400,124,3012
3401,52,3013
3402,6,3013
3403,63,3014
3404,23,3015
3405,58,3016
3406,48,3017
3407,67,3018
3408,25,3019
3409,50,3020
3410,6,3021
3411,9,3021
3412,48,3022
3413,68,3023
3414,48,3024
3415,50,3025
3416,70,3026
3417,25,3027
3418,34,3028
3419,98,3029
3420,14,3030
3421,40,3031
3422,12,3032
3423,73,3033
3424,71,3034
3425,77,3035
3426,28,3036
3427,30,3037
3428,39,3038
3429,109,3039
3430,22,3040
3431,67,3041
3432,22,3042
3433,95,3043
3434,42,3044
3435,42,3045
3436,39,3046
3437,133,3047
3438,56,3048
3439,58,3049
3440,22,3050
3441,38,3051
3442,5,3052
3443,74,3053
3444,74,3054
3445,13,3055
3446,42,3056
3447,72,3057
3448,22,3058
3449,77,3059
3450,5,3060
3451,91,3060
3452,36,3061
3453,69,3062
3454,42,3063
3455,19,3064
3456,6,3065
3457,57,3065
3458,28,3066
3459,36,3067
3460,125,3068
3461,77,3069
3462,105,3070
3463,116,3071
3464,116,3072
3465,17,3073
3466,76,3074
3467,96,3075
3468,107,3076
3469,34,3077
3470,98,3078
3471,34,3078
3472,98,3079
3473,17,3079
3474,39,3080
3475,87,3081
3476,45,3081
3477,28,3082
3478,38,3083
3479,14,3084
3480,14,3085
3481,14,3086
3482,14,3087
3483,14,3088
3484,40,3089
3485,40,3090
3486,87,3091
3487,22,3092
3488,77,3093
3489,39,3093
3490,99,3094
3491,65,3095
3492,66,3096
3493,17,3097
3494,48,3098
3495,114,3099
3496,82,3100
3497,36,3101
3498,51,3102
3499,69,3103
3500,95,3104
3501,8,3105
3502,64,3106
3503,71,3107
3504,28,3108
3505,71,3109
3506,3,3110
3507,99,3111
3508,38,3112
3509,5,3113
3510,42,3114
3511,50,3115
3512,48,3116
3513,25,3117
3514,82,3118
3515,71,3119
3516,22,3120
3517,48,3121
3518,64,3122
3519,115,3123
3520,60,3124
3521,124,3124
3522,124,3125
3523,62,3125
3524,8,3126
3525,108,3127
3526,25,3128
3527,25,3129
3528,17,3130
3529,10,3131
3530,108,3132
3531,82,3133
3532,63,3134
3533,56,3135
3534,52,3136
3535,6,3136
3536,105,3137
3537,67,3138
3538,105,3139
3539,22,3140
3540,63,3141
3541,6,3142
3542,57,3142
3543,49,3143
3544,8,3144
3545,105,3145
3546,64,3146
3547,77,3147
3548,67,3148
3549,21,3149
3550,106,3150
3551,6,3150
3552,78,3151
3553,39,3152
3554,45,3153
3555,77,3154
3556,6,3155
3557,67,3155
3558,106,3156
3559,6,3156
3560,82,3157
3561,100,3158
3562,8,3159
3563,119,3160
3564,72,3161
3565,72,3162
3566,72,3163
3567,72,3164
3568,71,3165
3569,77,3166
3570,39,3166
3571,77,3167
3572,39,3167
3573,105,3168
3574,103,3169
3575,71,3170
3576,26,3171
3577,51,3172
3578,10,3173
3579,84,3174
3580,10,3175
3581,30,3176
3582,68,3177
3583,77,3178
3584,39,3178
3585,113,3179
3586,113,3180
3587,71,3181
3588,48,3182
3589,77,3183
3590,39,3183
3591,18,3184
3592,138,3185
3593,89,3186
3594,26,3187
3595,22,3188
3596,28,3189
3597,82,3190
3598,5,3191
3599,71,3192
3600,48,3193
3601,25,3194
3602,49,3195
3603,52,3196
3604,6,3196
3605,25,3197
3606,71,3198
3607,40,3199
3608,89,3200
3609,88,3201
3610,64,3202
3611,79,3203
3612,22,3204
3613,28,3205
3614,42,3206
3615,63,3207
3616,70,3208
3617,67,3209
3618,106,3210
3619,6,3210
3620,26,3211
3621,96,3212
3622,5,3213
3623,10,3214
3624,114,3215
3625,58,3216
3626,22,3216
3627,34,3217
3628,42,3218
3629,28,3219
3630,99,3220
3631,119,3221
3632,5,3222
3633,52,3223
3634,6,3223
3635,43,3224
3636,75,3225
3637,75,3226
3638,28,3227
3639,76,3228
3640,74,3229
3641,112,3230
3642,99,3231
3643,98,3232
3644,64,3233
3645,60,3234
3646,60,3235
3647,60,3236
3648,56,3237
3649,119,3237
3650,34,3238
3651,65,3239
3652,65,3240
3653,98,3241
3654,34,3242
3655,34,3243
3656,34,3244
3657,40,3245
3658,129,3246
3659,48,3247
3660,3,3248
3661,103,3248
3662,71,3249
3663,77,3250
3664,38,3250
3665,71,3251
3666,140,3252
3667,71,3254
3668,28,3255
3669,127,3255
3670,67,3256
3671,38,3257
3672,141,3258
3673,141,3259
3674,17,3260
3675,65,3261
3676,65,3262
3677,34,3263
3678,22,3264
3679,82,3265
3680,64,3266
3681,117,3267
3682,38,3268
3683,126,3269
3684,17,3270
3685,82,3271
3686,22,3272
3687,71,3273
3688,77,3274
3689,39,3274
3690,17,3275
3691,141,3275
3692,64,3276
3693,48,3277
3694,28,3278
3695,71,3279
3696,76,3280
3697,70,3281
3698,96,3281
3699,96,3282
3700,14,3283
3701,126,3284
3702,6,3285
3703,9,3285
3704,40,3286
3705,111,3287
3706,135,3288
3707,72,3289
3708,86,3290
3709,13,3291
3710,86,3292
3711,14,3293
3712,72,3294
3713,13,3295
3714,75,3296
3715,72,3297
3716,72,3298
3717,72,3299
3718,139,3300
3719,62,3301
3720,62,3302
3721,64,3303
3722,65,3304
3723,42,3305
3724,119,3306
3725,136,3307
3726,38,3308
3727,43,3309
3728,118,3309
3729,125,3310
3730,45,3311
3731,68,3312
3732,68,3313
3733,68,3314
3734,137,3315
3735,18,3315
3736,137,3316
3737,136,3317
3738,96,3318
3739,50,3319
3740,50,3320
3741,48,3321
3742,6,3322
3743,9,3322
3744,72,3323
3745,74,3324
3746,124,3325
3747,18,3326
3748,125,3327
3749,64,3328
3750,60,3329
3751,60,3330
3752,77,3331
3753,56,3332
3754,58,3332
3755,18,3332
3756,71,3333
3757,12,3334
3758,107,3335
3759,137,3335
3760,8,3336
3761,50,3337
3762,64,3338
3763,56,3339
3764,22,3340
3765,42,3341
3766,72,3342
3767,50,3343
3768,36,3344
3769,72,3345
3770,40,3346
3771,39,3347
3772,138,3348
3773,72,3349
3774,56,3350
3775,28,3351
3776,36,3352
3777,72,3353
3778,42,3354
3779,40,3355
3780,79,3356
3781,28,3357
3782,21,3357
3783,112,3358
3784,64,3359
3785,72,3360
3786,72,3361
3787,58,3362
3788,28,3363
3789,64,3364
3790,65,3365
3791,82,3366
3792,34,3367
3793,17,3368
3794,82,3369
3795,28,3370
3796,82,3371
3797,84,3372
3798,81,3373
3799,106,3374
3800,6,3374
3801,71,3375
3802,77,3376
3803,139,3377
3804,28,3378
3805,38,3379
3806,51,3380
3807,30,3381
3808,105,3382
3809,101,3383
3810,83,3384
3811,40,3385
3812,79,3386
3813,6,3387
3814,57,3387
3815,42,3388
3816,5,3389
3817,13,3390
3818,40,3391
3819,88,3392
3820,32,3393
3821,34,3394
3822,34,3395
3823,101,3396
3824,125,3397
3825,30,3398
3826,95,3399
3827,100,3400
3828,49,3401
3829,92,3402
3830,6,3402
3831,25,3403
3832,13,3404
3833,134,3405
3834,79,3406
3835,50,3407
3836,38,3408
3837,28,3409
3838,53,3410
3839,137,3411
3840,98,3412
3841,13,3413
3842,98,3414
3843,34,3415
3844,98,3416
3845,17,3416
3846,77,3417
3847,39,3417
3848,64,3418
3849,64,3419
3850,37,3420
3851,25,3421
3852,25,3422
3853,25,3423
3854,124,3424
3855,124,3425
3856,62,3426
3857,25,3427
3858,110,3428
3859,69,3429
3860,95,3430
3861,96,3431
3862,42,3432
3863,48,3433
3864,109,3434
3865,60,3435
3866,10,3436
3867,37,3437
3868,71,3438
3869,94,3439
3870,102,3440
3871,30,3441
3872,129,3442
3873,62,3443
3874,71,3444
3875,38,3445
3876,63,3446
3877,17,3447
3878,17,3448
3879,21,3449
3880,34,3450
3881,17,3450
3882,71,3451
3883,99,3452
3884,71,3453
3885,71,3454
3886,58,3455
3887,25,3456
3888,48,3457
3889,37,3458
3890,37,3459
3891,45,3460
3892,45,3461
3893,10,3462
3894,117,3463
3895,13,3464
3896,37,3465
3897,12,3466
3898,34,3467
3899,73,3468
3900,52,3469
3901,6,3469
3902,6,3470
3903,9,3470
3904,6,3471
3905,9,3471
3906,92,3472
3907,46,3473
3908,70,3474
3909,28,3475
3910,28,3476
3911,124,3477
3912,49,3478
3913,72,3479
3914,89,3480
3915,64,3481
3916,8,3482
3917,99,3483
3918,64,3484
3919,60,3485
3920,77,3486
3921,39,3486
3922,37,3487
3923,77,3488
3924,84,3489
3925,47,3490
3926,46,3491
3927,3,3492
3928,91,3492
3929,3,3493
3930,91,3493
3931,3,3494
3932,91,3494
3933,54,3495
3934,110,3496
3935,132,3497
3936,30,3498
3937,96,3498
3938,99,3499
3939,55,3500
3940,38,3501
3941,71,3502
3942,33,3503
3943,100,3504
3944,22,3505
3945,48,3506
3946,48,3507
3947,41,3508
3948,47,3509
3949,38,3510
3950,128,3511
3951,90,3512
3952,69,3513
3953,84,3514
3954,118,3515
3955,69,3515
3956,118,3516
3957,30,3517
3958,118,3518
3959,36,3519
3960,17,3520
3961,71,3521
3962,71,3522
3963,48,3523
3964,48,3524
3965,99,3525
3966,105,3526
3967,64,3527
3968,3,3528
3969,45,3529
3970,42,3530
3971,3,3530
3972,42,3531
3973,10,3532
3974,42,3533
3975,3,3533
3976,122,3534
3977,3,3535
3978,3,3536
3979,6,3537
3980,9,3537
3981,118,3538
3982,8,3539
3983,46,3540
3984,42,3541
3985,5,3541
3986,54,3542
3987,8,3543
3988,71,3544
3989,5,3545
3990,71,3546
3991,39,3547
3992,115,3548
3993,8,3549
3994,68,3550
3995,14,3551
3996,33,3552
3997,2,3553
3998,138,3554
3999,14,3555
4000,46,3556
4001,14,3557
4002,48,3558
4003,64,3559
4004,126,3560
4005,5,3561
4006,53,3562
4007,19,3563
4008,102,3564
4009,3,3565
4010,12,3566
4011,6,3567
4012,9,3567
4013,13,3568
4014,21,3569
4015,74,3570
4016,64,3571
4017,54,3572
4018,64,3573
4019,92,3574
4020,6,3574
4021,21,3575
4022,100,3576
4023,50,3577
4024,92,3578
4025,6,3578
4026,117,3579
4027,14,3580
4028,47,3581
4029,25,3582
4030,78,3583
4031,39,3584
4032,77,3585
4033,39,3585
4034,50,3586
4035,41,3586
4036,99,3587
4037,92,3588
4038,6,3588
4039,46,3589
4040,106,3590
4041,6,3590
4042,78,3591
4043,99,3591
4044,106,3592
4045,6,3592
4046,8,3593
4047,106,3594
4048,6,3594
4049,51,3595
4050,5,3596
4051,48,3597
4052,37,3598
4053,60,3599
4054,99,3600
4055,82,3601
4056,10,3602
4057,5,3603
4058,64,3604
4059,6,3605
4060,67,3605
4061,46,3606
4062,53,3606
4063,96,3607
4064,53,3607
4065,25,3608
4066,25,3609
4067,25,3610
4068,99,3611
4069,73,3612
4070,99,3613
4071,6,3614
4072,9,3614
4073,22,3615
4074,119,3616
4075,73,3617
4076,105,3618
4077,22,3619
4078,26,3620
4079,74,3621
4080,105,3622
4081,18,3623
4082,100,3624
4083,100,3625
4084,8,3626
4085,8,3627
4086,5,3628
4087,104,3629
4088,13,3630
4089,141,3631
4090,112,3632
4091,6,3633
4092,57,3633
4093,82,3634
4094,82,3635
4095,82,3636
4096,73,3637
4097,71,3638
4098,129,3639
4099,64,3640
4100,97,3641
4101,17,3642
4102,82,3643
4103,109,3644
4104,28,3645
4105,79,3646
4106,28,3647
4107,34,3648
4108,49,3649
4109,18,3650
4110,139,3651
4111,65,3651
4112,130,3652
4113,125,3652
4114,138,3653
4115,48,3654
4116,3,3655
4117,74,3656
4118,25,3657
4119,45,3658
4120,74,3659
4121,48,3660
4122,122,3661
4123,128,3662
4124,118,3663
4125,98,3664
4126,130,3665
4127,56,3666
4128,28,3667
4129,63,3668
4130,62,3669
4131,63,3670
4132,64,3671
4133,104,3672
4134,21,3673
4135,124,3674
4136,18,3674
4137,99,3675
4138,22,3676
4139,86,3677
4140,14,3678
4141,14,3679
4142,87,3679
4143,65,3680
4144,39,3680
4145,125,3681
4146,30,3682
4147,64,3683
4148,133,3684
4149,133,3685
4150,98,3685
4151,72,3686
4152,92,3687
4153,6,3687
4154,74,3688
4155,51,3689
4156,135,3690
4157,21,3691
4158,65,3692
4159,39,3693
4160,6,3694
4161,9,3694
4162,6,3695
4163,9,3695
4164,109,3696
4165,49,3697
4166,77,3698
4167,39,3698
4168,125,3699
4169,40,3700
4170,48,3701
4171,92,3702
4172,94,3703
4173,74,3704
4174,17,3705
4175,5,3706
4176,51,3707
4177,73,3708
4178,104,3709
4179,48,3710
4180,5,3711
4181,71,3712
4182,112,3713
4183,112,3714
4184,48,3715
4185,98,3716
4186,70,3717
4187,21,3718
4188,45,3719
4189,78,3720
4190,98,3720
4191,18,3721
4192,38,3722
4193,99,3723
4194,73,3724
4195,105,3725
4196,87,3726
4197,77,3727
4198,105,3728
4199,28,3729
4200,14,3730
4201,42,3731
4202,92,3732
4203,6,3732
4204,121,3733
4205,45,3734
4206,51,3735
4207,109,3736
4208,64,3737
4209,22,3738
4210,64,3739
4211,5,3740
4212,108,3741
4213,123,3742
4214,33,3743
4215,52,3744
4216,6,3744
4217,21,3745
4218,42,3746
4219,17,3747
4220,56,3748
4221,5,3749
4222,21,3750
4223,13,3751
4224,37,3752
4225,102,3753
4226,71,3754
4227,107,3755
4228,122,3756
4229,18,3757
4230,6,3758
4231,9,3758
4232,6,3759
4233,9,3759
4234,28,3760
4235,62,3761
4236,25,3762
4237,119,3763
4238,124,3764
4239,71,3765
4240,124,3766
4241,48,3767
4242,48,3768
4243,71,3769
4244,28,3770
4245,72,3771
4246,72,3772
4247,72,3773
4248,128,3774
4249,72,3774
4250,2,3775
4251,43,3775
4252,137,3776
4253,72,3777
4254,117,3778
4255,74,3779
4256,64,3780
4257,60,3781
4258,60,3782
4259,22,3783
4260,22,3784
4261,22,3785
4262,77,3786
4263,22,3786
4264,22,3787
4265,22,3788
4266,22,3789
4267,22,3790
4268,17,3791
4269,17,3792
4270,6,3793
4271,67,3793
4272,92,3794
4273,6,3794
4274,71,3795
4275,108,3796
4276,33,3797
4277,39,3798
4278,39,3799
4279,37,3800
4280,34,3801
4281,55,3802
4282,92,3803
4283,6,3803
4284,100,3804
4285,63,3805
4286,111,3806
4287,52,3807
4288,6,3807
4289,6,3808
4290,9,3808
4291,48,3809
4292,50,3810
4293,111,3811
4294,63,3811
4295,25,3812
4296,71,3813
4297,99,3814
4298,21,3815
4299,77,3816
4300,108,3817
4301,13,3818
4302,112,3819
4303,98,3820
4304,112,3820
4305,112,3821
4306,98,3822
4307,112,3822
4308,112,3823
4309,112,3824
4310,98,3825
4311,112,3825
4312,112,3826
4313,112,3827
4314,34,3828
4315,112,3828
4316,6,3829
4317,9,3829
4318,43,3830
4319,13,3831
4320,87,3831
4321,13,3832
4322,74,3833
4323,71,3834
4324,71,3835
4325,72,3836
4326,72,3837
4327,34,3838
4328,116,3839
4329,34,3840
4330,38,3841
4331,40,3842
4332,34,3843
4333,73,3844
4334,82,3845
4335,21,3846
4336,71,3847
4337,97,3848
4338,102,3850
4339,71,3851
4340,124,3852
4341,18,3852
4342,122,3853
4343,112,3854
4344,112,3855
4345,112,3856
4346,76,3857
4347,102,3858
4348,52,3859
4349,6,3859
4350,113,3860
4351,48,3861
4352,48,3862
4353,105,3863
4354,73,3864
4355,46,3865
4356,56,3866
4357,5,3867
4358,53,3868
4359,100,3869
4360,69,3870
4361,17,3871
4362,108,3872
4363,108,3873
4364,109,3874
4365,125,3875
4366,125,3876
4367,109,3877
4368,109,3878
4369,77,3879
4370,39,3879
4371,125,3880
4372,71,3881
4373,36,3882
4374,40,3883
4375,42,3884
4376,98,3885
4377,140,3886
4378,26,3887
4379,82,3888
4380,65,3889
4381,28,3889
4382,69,3890
4383,84,3891
4384,139,3892
4385,53,3892
4386,47,3893
4387,3,3894
4388,26,3895
4389,73,3896
4390,125,3897
4391,73,3898
4392,58,3899
4393,66,3899
4394,25,3900
4395,8,3901
4396,75,3902
4397,42,3903
4398,48,3904
4399,23,3905
4400,48,3906
4401,25,3907
4402,63,3908
4403,48,3909
4404,34,3910
4405,28,3911
4406,64,3912
4407,82,3913
4408,97,3914
4409,48,3915
4410,82,3916
4411,50,3917
4412,50,3918
4413,100,3919
4414,92,3920
4415,6,3920
4416,74,3921
4417,119,3922
4418,50,3923
4419,78,3923
4420,107,3924
4421,72,3924
4422,77,3925
4423,77,3926
4424,39,3926
4425,77,3927
4426,39,3927
4427,129,3928
4428,5,3929
4429,64,3930
4430,60,3931
4431,72,3932
4432,39,3933
4433,51,3934
4434,42,3935
4435,124,3936
4436,18,3936
4437,67,3937
4438,102,3938
4439,17,3939
4440,42,3940
4441,69,3941
4442,39,3942
4443,39,3943
4444,124,3944
4445,105,3945
4446,109,3946
4447,19,3947
4448,19,3948
4449,25,3949
4450,108,3950
4451,108,3951
4452,133,3952
4453,130,3953
4454,78,3954
4455,131,3954
4456,66,3955
4457,58,3956
4458,135,3957
4459,106,3958
4460,6,3958
4461,8,3959
4462,62,3960
4463,115,3961
4464,3,3961
4465,8,3962
4466,42,3963
4467,71,3964
4468,71,3965
4469,87,3966
4470,92,3967
4471,6,3967
4472,6,3968
4473,9,3968
4474,14,3969
4475,71,3970
4476,72,3971
4477,21,3972
4478,6,3973
4479,9,3973
4480,67,3974
4481,80,3975
4482,13,3976
4483,115,3977
4484,40,3978
4485,129,3979
4486,6,3980
4487,57,3980
4488,14,3981
4489,25,3982
4490,46,3983
4491,53,3983
4492,25,3984
4493,120,3985
4494,74,3986
4495,51,3987
4496,52,3988
4497,6,3988
4498,105,3989
4499,51,3989
4500,52,3990
4501,6,3990
4502,101,3991
4503,127,3992
4504,74,3993
4505,103,3994
4506,14,3995
4507,39,3996
4508,64,3997
4509,92,3998
4510,6,3998
4511,75,3999
4512,75,4000
4513,39,4001
4514,51,4002
4515,38,4003
4516,71,4004
4517,28,4005
4518,25,4006
4519,116,4007
4520,55,4008
4521,64,4009
4522,97,4010
4523,41,4011
4524,41,4012
4525,98,4013
4526,98,4014
4527,98,4015
4528,98,4016
4529,98,4017
4530,125,4017
4531,64,4018
4532,34,4019
4533,42,4020
4534,105,4021
4535,102,4022
4536,19,4023
4537,68,4024
4538,47,4025
4539,64,4026
4540,50,4027
4541,71,4028
4542,72,4029
4543,56,4030
4544,52,4031
4545,6,4031
4546,28,4032
4547,64,4033
4548,96,4034
4549,130,4035
4550,3,4036
4551,19,4037
4552,106,4038
4553,6,4038
4554,130,4039
4555,30,4040
4556,94,4041
4557,131,4042
4558,48,4043
4559,36,4044
4560,25,4045
4561,96,4046
4562,114,4047
4563,36,4048
4564,67,4049
4565,19,4050
4566,32,4051
4567,36,4052
4568,46,4053
4569,36,4054
4570,130,4055
4571,96,4056
4572,114,4057
4573,48,4058
4574,46,4059
4575,92,4060
4576,6,4060
4577,109,4061
4578,118,4062
4579,8,4063
4580,36,4064
4581,36,4065
4582,110,4066
4583,114,4067
4584,46,4068
4585,48,4069
4586,123,4069
4587,14,4070
4588,56,4071
4589,108,4072
4590,36,4073
4591,109,4074
4592,36,4075
4593,36,4076
4594,109,4077
4595,96,4078
4596,96,4079
4597,46,4080
4598,139,4081
4599,65,4081
4600,36,4082
4601,139,4083
4602,36,4084
4603,36,4085
4604,36,4086
4605,125,4087
4606,46,4088
4607,96,4089
4608,94,4090
4609,30,4091
4610,46,4092
4611,109,4093
4612,130,4094
4613,125,4094
4614,30,4095
4615,30,4096
4616,30,4097
4617,81,4098
4618,96,4099
4619,125,4100
4620,125,4101
4621,70,4102
4622,46,4102
4623,105,4103
4624,46,4103
4625,46,4104
4626,54,4105
4627,82,4106
4628,34,4107
4629,34,4108
4630,82,4109
4631,97,4110
4632,77,4111
4633,88,4111
4634,42,4112
4635,14,4112
4636,68,4113
4637,68,4114
4638,68,4115
4639,85,4116
4640,10,4117
4641,117,4118
4642,54,4119
4643,66,4120
4644,5,4120
4645,68,4121
4646,53,4122
4647,117,4123
4648,95,4124
4649,65,4125
4650,64,4126
4651,89,4127
4652,98,4128
4653,114,4129
4654,98,4130
4655,71,4131
4656,120,4132
4657,64,4133
4658,124,4134
4659,20,4134
4660,21,4135
4661,52,4136
4662,6,4136
4663,124,4137
4664,38,4138
4665,26,4139
4666,73,4140
4667,51,4141
4668,99,4142
4669,71,4143
4670,132,4144
4671,26,4145
4672,50,4146
4673,34,4147
4674,63,4148
4675,34,4148
4676,17,4149
4677,141,4149
4678,25,4150
4679,5,4151
4680,64,4152
4681,60,4153
4682,129,4154
4683,13,4155
4684,5,4155
4685,64,4156
4686,82,4157
4687,36,4158
4688,39,4159
4689,18,4160
4690,28,4160
4691,77,4161
4692,92,4162
4693,6,4162
4694,67,4163
4695,51,4164
4696,60,4165
4697,130,4166
4698,37,4167
4699,6,4168
4700,67,4168
4701,69,4169
4702,28,4170
4703,28,4171
4704,125,4172
4705,40,4173
4706,103,4174
4707,124,4175
4708,99,4176
4709,93,4177
4710,19,4178
4711,28,4179
4712,58,4180
4713,98,4181
4714,105,4182
4715,18,4183
4716,109,4184
4717,8,4185
4718,39,4186
4719,128,4187
4720,72,4187
4721,48,4188
4722,25,4189
4723,25,4190
4724,17,4191
4725,98,4192
4726,73,4193
4727,36,4194
4728,13,4195
4729,131,4196
4730,39,4197
4731,71,4198
4732,127,4199
4733,71,4200
4734,14,4201
4735,22,4202
4736,102,4203
4737,137,4204
4738,82,4205
4739,28,4206
4740,39,4207
4741,40,4208
4742,40,4209
4743,95,4210
4744,106,4211
4745,6,4211
4746,95,4212
4747,138,4213
4748,14,4214
4749,49,4215
4750,50,4216
4751,41,4216
4752,109,4217
4753,37,4218
4754,42,4219
4755,82,4220
4756,25,4221
4757,20,4222
4758,20,4223
4759,20,4224
4760,20,4225
4761,20,4226
4762,20,4227
4763,20,4228
4764,20,4229
4765,20,4230
4766,20,4231
4767,20,4232
4768,20,4233
4769,20,4234
4770,20,4235
4771,20,4236
4772,20,4237
4773,20,4238
4774,20,4239
4775,20,4240
4776,63,4241
4777,73,4242
4778,129,4243
4779,14,4244
4780,23,4245
4781,73,4246
4782,28,4247
4783,71,4248
4784,73,4249
4785,64,4250
4786,50,4251
4787,92,4252
4788,6,4252
4789,30,4253
4790,8,4254
4791,6,4255
4792,9,4255
4793,71,4256
4794,6,4257
4795,9,4257
4796,70,4258
4797,52,4259
4798,6,4259
4799,106,4260
4800,6,4260
4801,77,4261
4802,39,4261
4803,28,4262
4804,101,4263
4805,73,4264
4806,103,4265
4807,6,4266
4808,67,4266
4809,84,4267
4810,98,4268
4811,23,4269
4812,23,4270
4813,82,4271
4814,14,4272
4815,19,4273
4816,99,4274
4817,123,4274
4818,99,4275
4819,30,4276
4820,14,4277
4821,116,4278
4822,42,4279
4823,92,4280
4824,6,4280
4825,6,4281
4826,9,4281
4827,129,4282
4828,67,4283
4829,126,4284
4830,34,4285
4831,67,4286
4832,22,4286
4833,89,4287
4834,54,4287
4835,71,4288
4836,114,4289
4837,63,4290
4838,99,4291
4839,25,4291
4840,6,4292
4841,57,4292
4842,6,4293
4843,9,4293
4844,48,4293
4845,93,4294
4846,51,4295
4847,72,4296
4848,6,4297
4849,99,4297
4850,135,4298
4851,72,4299
4852,135,4300
4853,136,4301
4854,72,4302
4855,123,4303
4856,72,4304
4857,99,4305
4858,12,4306
4859,72,4307
4860,17,4308
4861,138,4309
4862,138,4310
4863,138,4311
4864,99,4312
4865,99,4313
4866,116,4314
4867,64,4315
4868,64,4316
4869,64,4317
4870,64,4318
4871,64,4319
4872,64,4320
4873,17,4321
4874,17,4322
4875,17,4323
4876,17,4324
4877,64,4325
4878,141,4326
4879,38,4327
4880,136,4328
4881,106,4329
4882,6,4329
4883,75,4330
4884,8,4331
4885,52,4332
4886,6,4332
4887,88,4333
4888,100,4334
4889,122,4335
4890,38,4336
4891,30,4337
4892,64,4338
4893,99,4339
4894,77,4340
4895,39,4340
4896,6,4341
4897,67,4341
4898,51,4342
4899,47,4343
4900,6,4344
4901,9,4344
4902,77,4345
4903,39,4345
4904,39,4346
4905,82,4347
4906,106,4348
4907,6,4348
4908,40,4349
4909,141,4350
4910,94,4351
4911,89,4352
4912,65,4353
4913,65,4354
4914,39,4355
4915,53,4356
4916,50,4357
4917,14,4358
4918,5,4359
4919,81,4360
4920,8,4361
4921,52,4362
4922,6,4362
4923,14,4363
4924,3,4364
4925,13,4364
4926,49,4365
4927,10,4366
4928,53,4367
4929,25,4368
4930,14,4369
4931,65,4370
4932,56,4371
4933,77,4372
4934,88,4372
4935,77,4373
4936,88,4373
4937,77,4374
4938,88,4374
4939,47,4375
4940,104,4376
4941,69,4377
4942,33,4378
4943,22,4379
4944,22,4380
4945,38,4381
4946,8,4382
4947,102,4383
4948,133,4384
4949,53,4385
4950,72,4386
4951,97,4387
4952,114,4388
4953,74,4389
4954,71,4390
4955,5,4391
4956,19,4392
4957,71,4393
4958,95,4394
4959,67,4395
4960,48,4396
4961,58,4397
4962,99,4397
4963,38,4398
4964,67,4399
4965,38,4400
4966,130,4401
4967,80,4401
4968,53,4402
4969,43,4403
4970,5,4403
4971,53,4404
4972,14,4405
4973,36,4406
4974,113,4407
4975,86,4408
4976,86,4409
4977,132,4410
4978,54,4411
4979,14,4412
4980,3,4413
4981,14,4413
4982,8,4414
4983,13,4415
4984,39,4416
4985,99,4417
4986,99,4418
4987,25,4418
4988,99,4419
4989,123,4419
4990,73,4420
4991,62,4421
4992,98,4422
4993,130,4423
4994,124,4424
4995,38,4425
4996,102,4426
4997,55,4427
4998,22,4428
4999,56,4429
5000,48,4430
5001,34,4431
5002,34,4432
5003,26,4433
5004,125,4434
5005,98,4435
5006,14,4435
5007,38,4436
5008,124,4437
5009,124,4438
5010,20,4438
5011,124,4439
5012,39,4440
5013,28,4441
5014,21,4442
5015,110,4442
5016,98,4443
5017,67,4444
5018,2,4445
5019,85,4446
5020,3,4447
5021,48,4447
5022,6,4448
5023,57,4448
5024,8,4449
5025,74,4449
5026,99,4450
5027,14,4451
5028,42,4452
5029,8,4452
5030,92,4453
5031,6,4453
5032,56,4454
5033,105,4455
5034,72,4456
5035,48,4457
5036,46,4458
5037,21,4459
5038,48,4460
5039,74,4461
5040,38,4462
5041,73,4463
5042,38,4464
5043,77,4465
5044,94,4466
5045,28,4467
5046,127,4467
5047,73,4468
5048,71,4469
5049,37,4470
5050,71,4471
5051,48,4472
5052,22,4472
5053,71,4473
5054,94,4474
5055,71,4475
5056,71,4476
5057,76,4477
5058,76,4478
5059,76,4479
5060,76,4480
5061,76,4481
5062,76,4482
5063,38,4483
5064,38,4484
5065,47,4485
5066,53,4486
5067,5,4487
5068,5,4488
5069,69,4488
5070,5,4489
5071,118,4490
5072,121,4491
5073,54,4492
5074,10,4493
5075,69,4494
5076,43,4495
5077,91,4495
5078,3,4496
5079,91,4496
5080,118,4497
5081,91,4497
5082,3,4498
5083,91,4498
5084,5,4499
5085,54,4500
5086,5,4501
5087,69,4502
5088,26,4503
5089,46,4504
5090,53,4504
5091,89,4505
5092,83,4506
5093,5,4507
5094,43,4508
5095,91,4508
5096,5,4509
5097,124,4510
5098,116,4511
5099,116,4512
5100,116,4513
5101,105,4514
5102,48,4514
5103,55,4515
5104,78,4516
5105,5,4517
5106,131,4518
5107,69,4518
5108,25,4519
5109,124,4520
5110,5,4521
5111,36,4522
5112,30,4523
5113,96,4523
5114,38,4524
5115,38,4525
5116,107,4526
5117,98,4527
5118,127,4527
5119,71,4528
5120,62,4529
5121,71,4530
5122,54,4531
5123,39,4532
5124,98,4533
5125,21,4534
5126,34,4535
5127,107,4536
5128,66,4537
5129,128,4538
5130,62,4539
5131,66,4540
5132,14,4541
5133,131,4542
5134,76,4543
5135,127,4544
5136,71,4546
5137,98,4547
5138,102,4548
5139,85,4549
5140,97,4550
5141,5,4551
5142,109,4552
5143,116,4553
5144,116,4554
5145,116,4555
5146,105,4556
5147,64,4557
5148,5,4558
5149,38,4559
5150,50,4560
5151,51,4561
5152,67,4562
5153,77,4563
5154,127,4563
5155,51,4564
5156,28,4565
5157,71,4566
5158,99,4567
5159,6,4568
5160,57,4568
5161,51,4569
5162,125,4570
5163,122,4571
5164,14,4572
5165,48,4573
5166,48,4574
5167,114,4575
5168,94,4576
5169,64,4577
5170,64,4578
5171,13,4579
5172,100,4580
5173,5,4581
5174,112,4581
5175,120,4582
5176,5,4582
5177,8,4583
5178,32,4584
5179,69,4585
5180,50,4586
5181,92,4587
5182,6,4587
5183,5,4588
5184,38,4589
5185,73,4590
5186,95,4591
5187,13,4592
5188,5,4592
5189,13,4593
5190,5,4593
5191,5,4594
5192,92,4595
5193,6,4595
5194,64,4596
5195,60,4597
5196,99,4598
5197,69,4599
5198,45,4599
5199,64,4600
5200,68,4601
5201,8,4602
5202,74,4602
5203,50,4603
